seconds,progress,speedKph,exposure,rainParticles,sprayParticles,rainVolume
0.000,0.98482,0.00,1.000,0,0,0.0181
0.253,0.98482,0.00,1.000,421,0,0.1415
0.512,0.98482,0.00,1.000,780,0,0.1767
0.770,0.98482,0.00,1.000,992,0,0.1863
1.020,0.98482,0.00,1.000,978,0,0.1890
1.278,0.98482,0.00,1.000,997,0,0.1897
1.532,0.98482,0.00,1.000,1007,0,0.1899
1.783,0.98482,0.00,1.000,960,0,0.1900
2.037,0.98482,0.00,1.000,970,0,0.1900
2.295,0.98482,0.00,1.000,1000,0,0.1900
2.545,0.98482,0.00,1.000,994,0,0.1900
2.802,0.98482,0.00,1.000,994,0,0.1900
3.053,0.98482,0.00,1.000,979,0,0.1900
3.303,0.98482,0.00,1.000,979,0,0.1900
3.562,0.98482,0.00,1.000,972,0,0.1900
3.820,0.98482,0.00,1.000,981,0,0.1900
4.078,0.98482,0.00,1.000,985,0,0.1900
4.336,0.98482,0.00,1.000,981,0,0.1900
4.595,0.98482,0.00,1.000,992,0,0.1900
4.853,0.98483,4.51,1.000,981,0,0.1900
5.112,0.98556,34.15,1.000,946,8,0.1900
5.362,0.98735,62.06,1.000,967,38,0.1900
5.612,0.99016,89.21,1.000,982,60,0.1900
5.869,0.99397,115.49,1.000,983,59,0.1900
6.120,0.99873,140.23,1.000,979,59,0.1900
6.370,0.00419,150.52,1.000,952,65,0.1900
6.628,0.01011,156.93,1.000,955,61,0.1900
6.887,0.01641,165.73,1.000,984,66,0.1900
7.144,0.02298,170.55,1.000,1000,63,0.1900
7.395,0.02948,173.14,1.000,1017,66,0.1900
7.653,0.03634,174.61,1.000,1001,63,0.1900
7.911,0.04274,137.62,1.000,1005,62,0.1900
8.170,0.04787,140.72,1.000,976,67,0.1900
8.428,0.05389,157.01,1.000,945,69,0.1900
8.687,0.06048,165.87,1.000,966,63,0.1900
8.953,0.06758,170.67,1.000,960,62,0.1900
9.203,0.07425,172.78,1.000,968,62,0.1900
9.469,0.08117,173.73,1.000,977,66,0.1900
9.728,0.08786,149.85,1.000,971,62,0.1900
9.986,0.09290,111.26,1.000,967,59,0.1900
10.237,0.09740,129.82,1.000,954,61,0.1900
10.487,0.10276,150.27,1.000,991,54,0.1900
10.745,0.10901,162.17,1.000,987,52,0.1900
11.003,0.11565,168.63,1.000,999,52,0.1900
11.261,0.12251,172.08,1.000,964,52,0.1900
11.520,0.12923,173.76,1.000,958,49,0.1900
11.778,0.13629,174.45,1.000,939,48,0.1900
12.028,0.14308,174.46,1.000,947,46,0.1900
12.287,0.15009,174.20,1.000,940,53,0.1900
12.544,0.15705,174.03,1.000,973,52,0.1900
12.795,0.16371,174.14,1.000,961,55,0.1900
13.053,0.17065,174.49,1.000,972,51,0.1900
13.311,0.17759,174.93,1.000,959,53,0.1900
13.569,0.18430,175.32,1.000,975,54,0.1900
13.819,0.19104,175.59,1.000,957,57,0.1900
14.077,0.19811,175.73,1.000,946,52,0.1900
14.328,0.20491,175.73,1.000,942,57,0.1900
14.586,0.21200,175.52,1.000,938,50,0.1900
14.844,0.21914,175.04,1.000,958,55,0.1900
15.103,0.22623,174.35,1.000,941,49,0.1900
15.353,0.23295,173.84,1.000,929,47,0.1900
15.611,0.23987,173.74,1.000,944,54,0.1900
15.869,0.24649,174.10,1.000,974,54,0.1900
16.128,0.25337,174.72,1.000,970,50,0.1900
16.387,0.26032,177.93,1.000,984,57,0.1900
16.637,0.26704,177.20,1.000,953,55,0.1900
16.895,0.27398,176.80,1.000,972,53,0.1900
17.153,0.28088,176.55,1.000,986,56,0.1900
17.411,0.28775,176.44,1.000,960,52,0.1900
17.669,0.29449,176.49,1.000,957,47,0.1900
17.920,0.30139,174.52,1.000,976,56,0.1900
18.177,0.30801,152.97,1.000,961,56,0.1900
18.428,0.31346,133.67,1.000,978,66,0.1900
18.687,0.31838,117.87,1.000,976,61,0.1900
18.944,0.32270,105.78,1.000,982,66,0.1900
19.195,0.32641,97.02,1.000,988,63,0.1900
19.453,0.32993,94.28,1.000,1024,61,0.1900
19.712,0.33327,91.30,1.000,1014,63,0.1900
19.970,0.33614,87.01,1.000,1017,67,0.1900
20.228,0.33897,84.14,1.000,1028,64,0.1900
20.487,0.34136,81.52,1.000,1063,65,0.1900
20.753,0.34376,84.58,1.000,1059,63,0.1900
21.012,0.34607,77.82,1.000,1112,58,0.1900
21.270,0.34846,88.89,1.000,1120,55,0.1900
21.520,0.35107,95.07,1.000,1090,51,0.1900
21.778,0.35454,105.11,1.000,1105,53,0.1900
22.037,0.35863,122.85,1.000,1085,51,0.1900
22.287,0.36328,127.54,1.000,1085,53,0.1900
22.544,0.36800,115.55,1.000,1093,53,0.1900
22.795,0.37229,107.54,1.000,1088,52,0.1900
23.045,0.37654,107.56,1.000,1072,55,0.1900
23.303,0.38119,104.43,1.000,1047,54,0.1900
23.553,0.38560,97.98,1.000,1035,51,0.1900
23.812,0.38999,93.09,1.000,1008,52,0.1900
24.069,0.39399,107.44,1.000,1021,53,0.1900
24.320,0.39847,127.61,1.000,986,51,0.1900
24.570,0.40363,145.67,1.000,1022,52,0.1900
24.820,0.40934,157.06,1.000,1032,56,0.1900
25.087,0.41590,164.78,1.000,1001,55,0.1900
25.345,0.42249,169.51,1.000,996,52,0.1900
25.603,0.42930,172.41,1.000,1011,46,0.1900
25.853,0.43603,174.02,1.000,1003,47,0.1900
26.112,0.44317,174.83,1.000,994,54,0.1900
26.369,0.45007,174.94,1.000,976,49,0.1900
26.620,0.45693,174.61,1.000,978,52,0.1900
26.878,0.46394,174.19,1.000,960,53,0.1900
27.136,0.47086,174.07,1.000,963,48,0.1900
27.386,0.47750,174.34,1.000,965,49,0.1900
27.645,0.48441,174.84,1.000,956,50,0.1900
27.919,0.49162,175.37,1.000,916,45,0.1900
28.170,0.49832,175.74,1.000,967,54,0.1900
28.427,0.50531,175.99,1.000,995,52,0.1900
28.677,0.51206,176.12,1.000,967,60,0.1900
28.928,0.51882,176.15,1.000,960,55,0.1900
29.178,0.52560,176.10,1.000,973,45,0.1900
29.428,0.53239,175.95,1.000,960,39,0.1900
29.694,0.53973,175.71,1.000,960,44,0.1900
29.945,0.54649,175.52,1.000,934,41,0.1900
30.203,0.55349,175.43,1.000,949,42,0.1900
30.462,0.56046,175.48,1.000,964,43,0.1900
30.720,0.56716,175.62,1.000,973,42,0.1900
30.970,0.57387,175.79,1.000,950,41,0.1900
31.228,0.58084,175.96,1.000,941,44,0.1900
31.486,0.58782,176.08,1.000,988,43,0.1900
31.744,0.59480,176.16,1.000,982,38,0.1900
31.995,0.60151,176.20,1.000,1008,42,0.1900
32.253,0.60849,176.22,1.000,975,39,0.1900
32.503,0.61521,176.22,1.000,981,42,0.1900
32.762,0.62218,176.21,1.000,929,43,0.1900
33.020,0.62890,176.20,1.000,964,43,0.1900
33.278,0.63589,176.17,1.000,959,37,0.1900
33.536,0.64290,175.22,1.000,960,43,0.1900
33.786,0.64939,161.24,1.000,975,41,0.1900
34.045,0.65549,142.91,1.000,968,40,0.1900
34.303,0.66094,128.74,1.000,970,41,0.1900
34.561,0.66597,121.73,1.000,970,47,0.1900
34.811,0.67079,121.94,1.000,898,45,0.1900
35.069,0.67563,121.79,1.000,865,41,0.1900
35.328,0.68077,117.66,1.000,802,43,0.1900
35.586,0.68582,122.76,1.000,776,41,0.1900
35.837,0.69106,142.22,1.000,745,46,0.1900
36.095,0.69697,155.32,1.000,735,38,0.1900
36.353,0.70309,151.43,1.000,748,45,0.1900
36.611,0.70871,136.11,1.000,771,47,0.1900
36.861,0.71352,123.88,1.000,771,39,0.1900
37.120,0.71787,115.03,1.000,805,42,0.1900
37.378,0.72202,110.73,1.000,783,47,0.1900
37.637,0.72594,108.92,1.000,759,53,0.1900
37.887,0.72945,104.36,1.000,736,48,0.1900
38.144,0.73286,103.24,1.000,727,45,0.1900
38.403,0.73583,91.95,1.000,717,43,0.1900
38.662,0.73882,95.85,1.000,724,39,0.1900
38.920,0.74175,105.58,1.000,735,49,0.1900
39.178,0.74537,114.19,1.000,753,53,0.1900
39.428,0.74916,124.60,1.000,762,58,0.1900
39.686,0.75374,131.75,1.000,777,54,0.1900
39.945,0.75886,144.90,1.000,751,51,0.1900
40.203,0.76446,152.98,1.000,698,54,0.1900
40.453,0.77023,159.88,1.000,695,54,0.1900
40.720,0.77655,165.18,1.000,630,53,0.1900
40.978,0.78300,157.66,1.000,475,52,0.1900
41.237,0.78899,141.77,1.000,299,52,0.1900
41.487,0.79426,131.58,1.000,167,51,0.1900
41.744,0.79957,131.84,0.300,72,46,0.1331
41.995,0.80471,128.65,0.000,41,42,0.0600
42.245,0.80995,126.14,0.000,43,45,0.0350
42.495,0.81497,124.63,0.000,28,41,0.0279
42.753,0.82037,142.02,0.000,34,44,0.0258
43.012,0.82632,154.84,0.000,38,42,0.0252
43.278,0.83258,162.28,0.000,37,40,0.0251
43.528,0.83884,166.87,0.000,27,45,0.0250
43.786,0.84553,170.15,0.000,21,45,0.0250
44.037,0.85208,172.28,0.000,22,46,0.0250
44.287,0.85876,173.65,0.000,17,40,0.0250
44.545,0.86581,174.45,0.000,21,41,0.0250
44.803,0.87289,174.62,0.000,51,41,0.0250
45.061,0.88000,174.62,0.000,149,42,0.0250
45.312,0.88681,174.26,0.000,240,41,0.0250
45.570,0.89359,174.03,0.000,342,46,0.0250
45.820,0.90031,174.04,0.700,396,42,0.0744
46.078,0.90726,174.35,1.000,412,41,0.1529
46.336,0.91418,174.87,1.000,429,43,0.1798
46.587,0.92083,175.38,1.000,433,37,0.1871
46.845,0.92775,175.78,1.000,410,41,0.1892
47.102,0.93467,176.02,1.000,445,37,0.1898
47.353,0.94133,176.13,1.000,459,41,0.1899
47.612,0.94824,176.20,1.000,500,44,0.1900
47.869,0.95488,176.24,1.000,512,42,0.1900
48.128,0.96209,203.18,1.000,557,39,0.1900
48.378,0.97029,229.34,1.000,644,42,0.1900
48.637,0.97949,239.58,1.000,748,39,0.1900
48.895,0.98892,243.34,1.000,860,42,0.1900
49.145,0.99803,244.17,1.000,944,33,0.1900
49.402,0.00728,232.17,1.000,952,34,0.1900
49.653,0.01577,221.37,1.000,972,29,0.1900
49.903,0.02391,211.28,1.000,972,30,0.1900
50.153,0.03172,201.84,1.000,956,35,0.1900
50.411,0.03954,192.60,1.000,975,29,0.1900
50.662,0.04676,185.28,1.000,1003,30,0.1900
50.920,0.05382,180.99,1.000,976,33,0.1900
51.170,0.06075,178.39,1.000,963,33,0.1900
