seconds,progress,speedKph,exposure,rainParticles,sprayParticles,rainVolume,wetness,roofDepth,fogDensity,culledRain,culledSpray
0.000,0.98482,0.00,1.000,0,0,0.0181,1.000,-100.00,0.00550,0,0
0.253,0.98482,0.00,1.000,421,0,0.1416,1.000,-100.00,0.00550,0,0
0.512,0.98482,0.00,1.000,780,0,0.1767,1.000,-100.00,0.00550,0,0
0.762,0.98482,0.00,1.000,990,0,0.1862,1.000,-100.00,0.00550,0,0
1.020,0.98482,0.00,1.000,989,0,0.1890,1.000,-100.00,0.00550,0,0
1.278,0.98482,0.00,1.000,1006,0,0.1897,1.000,-100.00,0.00550,0,0
1.537,0.98482,0.00,1.000,1005,0,0.1899,1.000,-100.00,0.00550,0,0
1.794,0.98482,0.00,1.000,967,0,0.1900,1.000,-100.00,0.00550,0,0
2.045,0.98482,0.00,1.000,984,0,0.1900,1.000,-100.00,0.00550,0,0
2.303,0.98482,0.00,1.000,1002,0,0.1900,1.000,-100.00,0.00550,0,0
2.562,0.98482,0.00,1.000,998,0,0.1900,1.000,-100.00,0.00550,0,0
2.812,0.98482,0.00,1.000,982,0,0.1900,1.000,-100.00,0.00550,0,0
3.070,0.98482,0.00,1.000,977,0,0.1900,1.000,-100.00,0.00550,0,0
3.328,0.98482,0.00,1.000,965,0,0.1900,1.000,-100.00,0.00550,0,0
3.586,0.98482,0.00,1.000,986,0,0.1900,1.000,-100.00,0.00550,0,0
3.837,0.98482,0.00,1.000,984,0,0.1900,1.000,-100.00,0.00550,0,0
4.094,0.98482,0.00,1.000,974,0,0.1900,1.000,-100.00,0.00550,0,0
4.345,0.98482,0.00,1.000,976,0,0.1900,1.000,-100.00,0.00550,0,0
4.603,0.98482,0.00,1.000,983,0,0.1900,1.000,-100.00,0.00550,0,0
4.861,0.98483,4.51,1.000,977,0,0.1900,1.000,-100.00,0.00550,0,0
5.111,0.98551,33.02,1.000,953,7,0.1900,1.000,-100.00,0.00550,0,0
5.362,0.98726,60.96,1.000,963,39,0.1900,1.000,-100.00,0.00550,0,0
5.612,0.99003,88.14,1.000,966,66,0.1900,1.000,-100.00,0.00550,0,0
5.869,0.99380,114.45,1.000,986,59,0.1900,1.000,-100.00,0.00550,0,0
6.120,0.99852,139.37,1.000,983,60,0.1900,1.000,-100.00,0.00550,0,0
6.378,0.00419,150.52,1.000,937,64,0.1900,1.000,-100.00,0.00550,0,0
6.628,0.00988,156.48,1.000,940,64,0.1900,1.000,-100.00,0.00550,0,0
6.887,0.01616,165.48,1.000,958,65,0.1900,1.000,-100.00,0.00550,0,0
7.137,0.02247,170.28,1.000,970,61,0.1900,1.000,-100.00,0.00550,0,0
7.394,0.02921,173.06,1.000,977,67,0.1900,1.000,-100.00,0.00550,0,0
7.644,0.03580,174.52,1.000,951,66,0.1900,1.000,-100.00,0.00550,0,0
7.903,0.04230,141.36,1.000,972,63,0.1900,1.000,-100.00,0.00550,0,0
8.170,0.04764,139.88,1.000,974,62,0.1900,1.000,-100.00,0.00550,0,0
8.420,0.05339,156.08,1.000,957,64,0.1900,1.000,-100.00,0.00550,0,0
8.678,0.05994,165.36,1.000,981,62,0.1900,1.000,-100.00,0.00550,0,0
8.944,0.06707,170.42,1.000,975,65,0.1900,1.000,-100.00,0.00550,0,0
9.195,0.07373,172.67,1.000,970,65,0.1900,1.000,-100.00,0.00550,0,0
9.445,0.08037,173.66,1.000,978,63,0.1900,1.000,-100.00,0.00550,0,0
9.695,0.08691,157.84,1.000,994,62,0.1900,1.000,-100.00,0.00550,0,0
9.953,0.09222,112.67,1.000,983,60,0.1900,1.000,-100.00,0.00550,0,0
10.211,0.09681,126.83,1.000,963,62,0.1900,1.000,-100.00,0.00550,0,0
10.470,0.10231,149.02,1.000,965,58,0.1900,1.000,-100.00,0.00550,0,0
10.728,0.10826,161.13,1.000,996,54,0.1900,1.000,-100.00,0.00550,0,0
10.978,0.11461,167.88,1.000,1004,51,0.1900,1.000,-100.00,0.00550,0,0
11.236,0.12145,171.69,1.000,985,56,0.1900,1.000,-100.00,0.00550,0,0
11.487,0.12815,173.57,1.000,960,48,0.1900,1.000,-100.00,0.00550,0,0
11.745,0.13519,174.39,1.000,937,55,0.1900,1.000,-100.00,0.00550,0,0
12.003,0.14227,174.48,1.000,962,55,0.1900,1.000,-100.00,0.00550,0,0
12.253,0.14902,174.24,1.000,932,52,0.1900,1.000,-100.00,0.00550,0,0
12.511,0.15598,174.04,1.000,965,48,0.1900,1.000,-100.00,0.00550,0,0
12.778,0.16291,174.11,1.000,955,51,0.1900,1.000,-100.00,0.00550,0,0
13.028,0.16957,174.42,1.000,992,50,0.1900,1.000,-100.00,0.00550,0,0
13.287,0.17652,174.86,1.000,947,53,0.1900,1.000,-100.00,0.00550,0,0
13.537,0.18323,175.26,1.000,982,53,0.1900,1.000,-100.00,0.00550,0,0
13.795,0.19023,175.57,1.000,939,54,0.1900,1.000,-100.00,0.00550,0,0
14.053,0.19729,175.72,1.000,932,50,0.1900,1.000,-100.00,0.00550,0,0
14.303,0.20409,175.74,1.000,959,53,0.1900,1.000,-100.00,0.00550,0,0
14.553,0.21091,175.57,1.000,967,53,0.1900,1.000,-100.00,0.00550,0,0
14.820,0.21832,175.11,1.000,949,57,0.1900,1.000,-100.00,0.00550,0,0
15.078,0.22515,174.46,1.000,947,52,0.1900,1.000,-100.00,0.00550,0,0
15.336,0.23215,173.89,1.000,953,48,0.1900,1.000,-100.00,0.00550,0,0
15.594,0.23907,173.73,1.000,936,47,0.1900,1.000,-100.00,0.00550,0,0
15.845,0.24569,174.04,1.000,981,50,0.1900,1.000,-100.00,0.00550,0,0
16.095,0.25232,174.62,1.000,990,49,0.1900,1.000,-100.00,0.00550,0,0
16.362,0.25951,178.06,1.000,958,53,0.1900,1.000,-100.00,0.00550,0,0
16.620,0.26623,177.27,1.000,967,52,0.1900,1.000,-100.00,0.00550,0,0
16.878,0.27319,176.83,1.000,982,53,0.1900,1.000,-100.00,0.00550,0,0
17.136,0.28009,176.57,1.000,1003,57,0.1900,1.000,-100.00,0.00550,0,0
17.387,0.28669,176.44,1.000,982,51,0.1900,1.000,-100.00,0.00550,0,0
17.645,0.29367,176.48,1.000,993,52,0.1900,1.000,-100.00,0.00550,0,0
17.895,0.30057,175.67,1.000,984,52,0.1900,1.000,-100.00,0.00550,0,0
18.145,0.30707,156.44,1.000,965,64,0.1900,1.000,-100.00,0.00550,0,0
18.412,0.31305,135.06,1.000,973,64,0.1900,1.000,-100.00,0.00550,0,0
18.669,0.31785,119.49,1.000,1026,65,0.1900,1.000,-100.00,0.00550,0,0
18.920,0.32223,107.00,1.000,970,60,0.1900,1.000,-100.00,0.00550,0,0
19.178,0.32597,97.91,1.000,1018,63,0.1900,1.000,-100.00,0.00550,0,0
19.436,0.32951,94.01,1.000,1025,67,0.1900,1.000,-100.00,0.00550,0,0
19.687,0.33274,92.30,1.000,1032,65,0.1900,1.000,-100.00,0.00550,0,0
19.937,0.33573,87.30,1.000,1026,67,0.1900,1.000,-100.00,0.00550,0,0
20.203,0.33860,84.71,1.000,1012,62,0.1900,1.000,-100.00,0.00550,0,0
20.462,0.34116,81.56,1.000,1061,66,0.1900,1.000,-100.00,0.00550,0,0
20.712,0.34342,83.52,1.000,1092,65,0.1900,1.000,-100.00,0.00550,0,0
20.970,0.34539,73.21,1.000,1081,61,0.1900,1.000,-100.00,0.00550,0,0
21.220,0.34780,86.82,1.000,1088,50,0.1900,1.000,-100.00,0.00550,0,0
21.478,0.35054,91.58,1.000,1098,51,0.1900,1.000,-100.00,0.00550,0,0
21.736,0.35384,106.71,1.000,1086,52,0.1900,1.000,-100.00,0.00550,0,0
21.994,0.35778,120.14,1.000,1082,55,0.1900,1.000,-100.00,0.00550,0,0
22.245,0.36234,129.59,1.000,1092,51,0.1900,1.000,-100.00,0.00550,0,0
22.503,0.36712,117.53,1.000,1095,49,0.1900,1.000,-100.00,0.00550,0,0
22.762,0.37161,108.49,1.000,1069,52,0.1900,1.000,-100.00,0.00550,0,0
23.012,0.37583,107.06,1.000,1049,51,0.1900,1.000,-100.00,0.00550,0,0
23.287,0.38061,104.89,1.000,1032,49,0.1900,1.000,-100.00,0.00550,0,0
23.545,0.38531,98.82,1.000,1029,50,0.1900,1.000,-100.00,0.00550,0,0
23.795,0.38947,92.70,1.000,1014,55,0.1900,1.000,-100.00,0.00550,0,0
24.053,0.39362,105.78,1.000,1017,52,0.1900,1.000,-100.00,0.00550,0,0
24.311,0.39828,126.82,1.000,1018,58,0.1900,1.000,-100.00,0.00550,0,0
24.562,0.40341,145.08,1.000,1031,55,0.1900,1.000,-100.00,0.00550,0,0
24.820,0.40934,157.06,1.000,1044,57,0.1900,1.000,-100.00,0.00550,0,0
25.078,0.41540,164.32,1.000,1035,54,0.1900,1.000,-100.00,0.00550,0,0
25.328,0.42172,169.07,1.000,1006,52,0.1900,1.000,-100.00,0.00550,0,0
25.578,0.42825,172.06,1.000,1007,53,0.1900,1.000,-100.00,0.00550,0,0
25.837,0.43521,173.87,1.000,1024,54,0.1900,1.000,-100.00,0.00550,0,0
26.095,0.44234,174.77,1.000,1010,49,0.1900,1.000,-100.00,0.00550,0,0
26.353,0.44951,174.95,1.000,995,53,0.1900,1.000,-100.00,0.00550,0,0
26.612,0.45667,174.62,1.000,993,53,0.1900,1.000,-100.00,0.00550,0,0
26.870,0.46366,174.21,1.000,977,49,0.1900,1.000,-100.00,0.00550,0,0
27.128,0.47033,174.07,1.000,966,52,0.1900,1.000,-100.00,0.00550,0,0
27.387,0.47723,174.32,1.000,973,50,0.1900,1.000,-100.00,0.00550,0,0
27.645,0.48415,174.82,1.000,966,52,0.1900,1.000,-100.00,0.00550,0,0
27.903,0.49108,175.33,1.000,932,51,0.1900,1.000,-100.00,0.00550,0,0
28.170,0.49832,175.74,1.000,935,54,0.1900,1.000,-100.00,0.00550,0,0
28.437,0.50531,175.99,1.000,980,53,0.1900,1.000,-100.00,0.00550,0,0
28.695,0.51232,176.12,1.000,974,50,0.1900,1.000,-100.00,0.00550,0,0
28.953,0.51937,176.15,1.000,986,53,0.1900,1.000,-100.00,0.00550,0,0
29.211,0.52642,176.09,1.000,980,47,0.1900,1.000,-100.00,0.00550,0,0
29.469,0.53321,175.92,1.000,974,44,0.1900,1.000,-100.00,0.00550,0,0
29.720,0.54028,175.69,1.000,978,41,0.1900,1.000,-100.00,0.00550,0,0
29.970,0.54703,175.51,1.000,936,42,0.1900,1.000,-100.00,0.00550,0,0
30.228,0.55375,175.43,1.000,958,41,0.1900,1.000,-100.00,0.00550,0,0
30.486,0.56072,175.49,1.000,988,45,0.1900,1.000,-100.00,0.00550,0,0
30.737,0.56743,175.63,1.000,953,39,0.1900,1.000,-100.00,0.00550,0,0
30.994,0.57441,175.81,1.000,964,41,0.1900,1.000,-100.00,0.00550,0,0
31.245,0.58111,175.96,1.000,952,41,0.1900,1.000,-100.00,0.00550,0,0
31.495,0.58782,176.08,1.000,978,39,0.1900,1.000,-100.00,0.00550,0,0
31.745,0.59453,176.16,1.000,978,41,0.1900,1.000,-100.00,0.00550,0,0
32.003,0.60151,176.20,1.000,985,42,0.1900,1.000,-100.00,0.00550,0,0
32.253,0.60822,176.22,1.000,975,46,0.1900,1.000,-100.00,0.00550,0,0
32.512,0.61521,176.22,1.000,978,42,0.1900,1.000,-100.00,0.00550,0,0
32.778,0.62218,176.21,1.000,955,41,0.1900,1.000,-100.00,0.00550,0,0
33.045,0.62944,176.19,1.000,993,43,0.1900,1.000,-100.00,0.00550,0,0
33.295,0.63617,176.16,1.000,1004,40,0.1900,1.000,-100.00,0.00550,0,0
33.545,0.64290,175.22,1.000,961,40,0.1900,1.000,-100.00,0.00550,0,0
33.803,0.64965,160.50,1.000,969,43,0.1900,1.000,-100.00,0.00550,0,0
34.053,0.65549,142.91,1.000,974,42,0.1900,1.000,-100.00,0.00550,0,0
34.320,0.66115,128.31,1.000,967,44,0.1900,1.000,-100.00,0.00550,0,0
34.578,0.66597,121.73,1.000,945,45,0.1900,1.000,-100.00,0.00550,0,0
34.837,0.67097,121.77,1.000,898,44,0.1900,1.000,-100.00,0.00550,0,0
35.095,0.67600,122.16,1.000,873,38,0.1900,1.000,-100.00,0.00550,0,0
35.353,0.68120,117.36,1.000,813,43,0.1900,1.000,-100.00,0.00550,0,0
35.603,0.68606,123.44,1.000,781,38,0.1900,1.000,-100.00,0.00550,0,0
35.862,0.69149,143.52,1.000,741,41,0.1900,1.000,-100.00,0.00550,0,0
36.119,0.69721,155.70,1.000,755,41,0.1900,1.000,-100.00,0.00550,0,0
36.370,0.70332,150.85,1.000,743,44,0.1900,1.000,-100.00,0.00550,0,0
36.628,0.70871,136.11,1.000,745,44,0.1900,1.000,-100.00,0.00550,0,0
36.878,0.71352,123.88,1.000,764,41,0.1900,1.000,-100.00,0.00550,0,0
37.137,0.71804,114.75,1.000,793,46,0.1900,1.000,-100.00,0.00550,0,0
37.394,0.72218,110.72,1.000,761,51,0.1900,1.000,-100.00,0.00550,0,0
37.645,0.72594,108.92,1.000,744,56,0.1900,1.000,-100.00,0.00550,0,0
37.895,0.72945,104.36,1.000,725,50,0.1900,1.000,-100.00,0.00550,0,0
38.162,0.73301,103.12,1.000,743,42,0.1900,1.000,-100.00,0.00550,0,0
38.420,0.73583,91.95,1.000,715,38,0.1900,1.000,-100.00,0.00550,0,0
38.678,0.73882,95.85,1.000,717,42,0.1900,1.000,-100.00,0.00550,0,0
38.928,0.74175,105.58,1.000,721,44,0.1900,1.000,-95.92,0.00550,0,0
39.186,0.74537,114.19,1.000,742,52,0.1900,1.000,-89.74,0.00550,0,1
39.437,0.74916,124.60,1.000,747,51,0.1900,1.000,-83.06,0.00550,0,1
39.695,0.75374,131.75,1.000,774,51,0.1900,1.000,-75.43,0.00550,0,1
39.945,0.75864,144.24,1.000,736,48,0.1900,1.000,-71.08,0.00550,0,1
40.212,0.76446,152.98,1.000,709,43,0.1900,1.000,-56.87,0.00550,0,1
40.470,0.77047,159.77,1.000,702,45,0.1900,1.000,-46.26,0.00550,0,1
40.728,0.77655,165.18,1.000,635,42,0.1900,1.000,-35.35,0.00550,0,1
40.978,0.78276,158.28,1.000,504,41,0.1900,1.000,-23.72,0.00550,0,1
41.237,0.78875,142.32,1.000,324,40,0.1900,0.000,-12.91,0.00550,0,1
41.487,0.79406,131.83,1.000,166,34,0.1900,0.000,-2.70,0.00550,0,1
41.744,0.79937,131.94,0.300,59,22,0.1018,0.000,6.92,0.00545,4,1
41.995,0.80452,128.61,0.000,35,12,0.0337,0.000,11.86,0.00493,8,1
42.261,0.81014,125.80,0.000,24,12,0.0103,0.000,26.07,0.00392,13,1
42.511,0.81516,124.99,0.000,21,10,0.0034,0.000,35.30,0.00333,21,1
42.770,0.82037,142.02,0.000,23,6,0.0011,0.000,45.25,0.00304,26,1
43.028,0.82632,154.84,0.000,26,0,0.0003,0.000,56.26,0.00291,27,1
43.286,0.83258,162.28,0.000,31,0,0.0001,0.000,67.44,0.00285,35,1
43.536,0.83884,166.87,0.000,23,0,0.0000,0.000,79.32,0.00282,39,1
43.787,0.84526,170.04,0.000,18,0,0.0000,0.000,85.59,0.00281,41,1
44.045,0.85208,172.28,0.000,17,0,0.0000,0.000,75.62,0.00281,49,1
44.303,0.85905,173.69,0.000,16,0,0.0000,0.000,63.08,0.00280,53,1
44.562,0.86607,174.47,0.000,6,0,0.0000,0.000,50.33,0.00280,59,1
44.820,0.87289,174.62,0.000,40,0,0.0001,0.000,37.43,0.00280,66,1
45.078,0.88000,174.62,0.000,109,2,0.0004,0.000,24.55,0.00280,71,1
45.328,0.88681,174.26,0.000,222,8,0.0016,0.369,11.96,0.00295,78,2
45.586,0.89388,174.03,0.350,331,16,0.0148,1.000,-1.09,0.00396,88,3
45.837,0.90059,174.04,1.000,429,20,0.1399,1.000,-13.66,0.00477,88,3
46.095,0.90752,174.37,1.000,451,19,0.1762,1.000,-26.54,0.00517,88,3
46.353,0.91444,174.89,1.000,420,18,0.1862,1.000,-39.31,0.00535,88,3
46.612,0.92135,175.42,1.000,425,20,0.1890,1.000,-52.07,0.00543,88,3
46.870,0.92801,175.79,1.000,425,21,0.1897,1.000,-64.36,0.00547,88,3
47.128,0.93494,176.02,1.000,413,30,0.1899,1.000,-76.97,0.00548,88,4
47.386,0.94186,176.14,1.000,431,44,0.1900,1.000,-89.63,0.00549,88,5
47.637,0.94851,176.20,1.000,505,44,0.1900,1.000,-100.00,0.00550,88,5
47.887,0.95515,176.25,1.000,520,39,0.1900,1.000,-100.00,0.00550,88,5
48.137,0.96209,203.18,1.000,526,37,0.1900,1.000,-100.00,0.00550,88,5
48.395,0.97063,229.95,1.000,630,45,0.1900,1.000,-100.00,0.00550,88,5
48.653,0.97985,239.81,1.000,745,37,0.1900,1.000,-100.00,0.00550,88,5
48.912,0.98928,243.42,1.000,852,40,0.1900,1.000,-100.00,0.00550,88,5
49.170,0.99876,243.22,1.000,940,33,0.1900,1.000,-100.00,0.00550,88,5
49.420,0.00762,231.72,1.000,983,33,0.1900,1.000,-100.00,0.00550,88,5
49.678,0.01610,220.95,1.000,975,33,0.1900,1.000,-100.00,0.00550,88,5
49.936,0.02455,210.50,1.000,981,35,0.1900,1.000,-100.00,0.00550,88,5
50.187,0.03234,201.11,1.000,983,34,0.1900,1.000,-100.00,0.00550,88,5
50.445,0.04012,191.91,1.000,998,31,0.1900,1.000,-100.00,0.00550,88,5
50.695,0.04734,184.85,1.000,965,31,0.1900,1.000,-100.00,0.00550,88,5
50.953,0.05466,180.61,1.000,982,28,0.1900,1.000,-100.00,0.00550,88,5
51.212,0.06187,178.07,1.000,973,31,0.1900,1.000,-100.00,0.00550,88,5
